CIK,Accession,Status
0000320187,0000320187-26-000060,done
0000320187,0000320187-26-000055,done
0000320187,0000093751-26-000274,done
0000320187,0002100119-26-000802,done
0000320187,0000320187-26-000053,done
0000320193,0001140361-26-023363,done
0000320193,0001140361-26-023149,done
0000320193,0001921094-26-000555,done
0000320193,0001140361-26-020871,done
0000320193,0001140361-26-020298,done
0000789019,0000789019-26-000109,done
0000789019,0000789019-26-000107,done
0000789019,0000789019-26-000106,done
0000789019,0000789019-26-000105,done
0000789019,0000789019-26-000104,done
